{"LIBRARY_OF_CONGRESS": 0, "GOOGLE_BOOKS": 1756972674.2041469, "VERTEX_AI": 0, "OPEN_LIBRARY": 1756972674.6575315}