{
  "start_time": 1756693448.8070295,
  "end_time": 1756693448.8990865,
  "records_processed": 439,
  "successful_records": 439,
  "failed_records": 0,
  "processing_time": 0.0920569896697998
}