{
  "start_time": 1756696099.8976684,
  "end_time": 1756696100.4741333,
  "records_processed": 369,
  "successful_records": 369,
  "failed_records": 0,
  "processing_time": 0.5764648914337158
}